cv0,cv1,cv2,cv3,cv4,cv5,cv6,cv7,cv8,cv9,mean,std
0.5555555555555556,0.6416666666666667,0.6601851851851852,0.6777777777777777,0.625,0.6444444444444444,0.6055555555555555,0.6675925925925926,0.6064814814814814,0.6166666666666667,0.6300925925925925,0.0344196695050086
